judul,waktu,content,,tag1,tag2,tag3,tag4,tag5,source,Kategori
"Potensi Peningkatan Hujan 3 Hari ke Depan karena Bibit Siklon 97S, Ini Daftar Daerahnya",9 Januari 2025 | 14.12 WIB,"TEMPO.CO, Jakarta - Analisis BMKG pada hari ini, Kamis 9 Januari 2025, menunjukkan bibit siklon tropis 97S masih terus menguat, memberikan dampak tidak langsung berupa peningkatan curah hujan dan angin kencang di beberapa wilayah di Indonesia tiga hari ke depan. Dampak langsungnya berupa gelombang tinggi di perairan bagian selatan Indonesia.  Baca berita dengan sedikit iklan,  klik di sini  BMKG memantau posisi bibit siklon itu telah berada di sebelah selatan Lampung. Peningkatan potensi hujan dengan intensitas sedang hingga lebat yang dapat disertai angin kencang di sejumlah wilayah, termasuk Bengkulu, Sumatera Selatan, Lampung, Banten, Jakarta, Jawa Barat, dan Jawa Tengah. Guswanto menuturkannya   Scroll ke bawah untuk melanjutkan membaca   Baca berita dengan sedikit iklan,  klik di sini  ""Gelombang laut dengan tinggi 1,25 hingga 2,50 meter diperkirakan terjadi di perairan selatan Jawa hingga NTB, Selat Sunda bagian barat dan selatan, Samudera Hindia selatan Jawa hingga NTB, dan Samudera Hindia barat Bengkulu hingga Lampung,"" kata Deputi Bidang Meteorologi BMKG Guswanto melalui keterangan tertulis.  Direktur Meteorologi Publik BMKG Andri Ramdhani juga mengatakan adanya potensi peningkatan curah hujan dalam sepekan ke depan. Tapi, dia menambahkan, tidak hanya dipengaruhi oleh keberadaan bibit siklon 97S. ""Monsun dan seruakan dingin dari Asia turut berkontribusi pada peningkatan curah hujan di wilayah Indonesia, khususnya di bagian barat,"" katanya. Andri juga menunjuk faktor sirkulasi siklonik yang sudah terbentuk beberapa hari lalu di sekitar Nusa Tenggara yang mempengaruhi dinamika atmosfer di wilayah Indonesia. Belum lagi aktivitas gelombang Rossby Ekuatorial dan gelombang Kelvin yang diprakirakan tetap aktif dalam sepekan ke depan, ""khususnya di wilayah Sumatera, Jawa, sebagian Kalimantan, Sulawesi, Maluku, dan Papua."" Andri mengimbau masyarakat untuk selalu waspada terhadap kemungkinan hujan lebat yang disertai petir. Ia juga mengingatkan masyarakat untuk berhati-hati terhadap dampak cuaca tersebut, seperti banjir, banjir bandang, tanah longsor, serta jalanan licin yang berpotensi membahayakan keselamatan. ""Kami mengimbau seluruh masyarakat, terutama yang tinggal di wilayah rawan bencana, untuk selalu waspada dan siap siaga menghadapi potensi bencana hidrometeorologi yang dapat terjadi kapan saja,"" kata dia. Sebelumnya,  peneliti di Pusat Riset Iklim dan Atmosfer Badan Riset dan Inovasi Nasional (BRIN) Erma Yulihastin mengungkap kalau hujan awet sejak Rabu malam sampai Kamis siang di Jakarta dan sekitarnya terpengaruh oleh pergerakan bibit siklon tropis 97S. Bibit siklon itu disebutnya memicu pembentukan sistem hujan badai meluas berjenis mesoscale convective complex (kumpulan awan konvektif) MCC dan squall line (awan hujan yang bergerak membentuk kelurusan atau barisan). ""Hujan deras meluas terjadi di Jabodetabek, Bandung, pesisir utara Jawa tengah dari Brebes hingga Kudus yang terus memanjang ke timur,"" katanya lewat akun di media sosial X pada Kamis pagi. Pilihan Editor: Pusat dan Daerah Beberkan Pelanggaran Pemagaran Laut di Pesisir Tangerang",,hujan,bibit-siklon,bmkg,angin-kencang,gelombang-tinggi,tempo,lingkungan
"Kisah Devi, 'Kartini' yang Mengaspal Demi Nafkahi Keluarga",22-Apr-25," JAKARTA, KOMPAS.com - Devi Indah Wati (46), perempuan asal Jakarta memilih bekerja driver ojek online demi menafkahi keluarganya. ""Kerja begini buat biaya hidup anak-anak. Buat keluarga juga,"" ujar Devi saat ditemui Kompas.com di Sudirman, Jakarta, Senin (22/4/2025). Alasan Devi bekerja sebagai driver ojek online karena usia suami sudah tua sehingga membantu mencari nafkah. ""Suami masih ada, tapi sudah tua. Jadi saya harus bantu cari nafkah,” kata dia. Keputusan Devi menjadi driver ojek online sempat menuai penolakan dari keluarganya. Tapi Devi bersikeras menjalani pekerjaan tersebut karena tuntutan hidup. ""Waktu awal kerja, keluarga sempat nolak. Mereka bilang ini kerjaan laki-laki. Tapi saya tetap jalanin karena memang tuntutan hidup. Kalau bukan saya, siapa lagi yang biayain anak-anak?"" kata Devi. Sebagai ibu dari tiga anak yang duduk di bangku SD, SMP, dan SMA, rutinitas hariannya dimulai sejak pukul tujuh pagi setelah mengantar anak-anak sekolah, lalu melaju membawa penumpang atau pesanan makanan hingga siang. Bagi Devi, bekerja sebagai ojol bukan hanya soal mencari rezeki halal, tetapi juga tentang menghadapi tantangan yang tak ringan. ""Tantangannya berat, karena kerja di jalanan. Macet, bawa penumpang, dan risikonya tinggi,"" jelasnya. Meski begitu, Devi merasa diterima dan bahkan dilindungi oleh sesama pengemudi ojol, termasuk yang laki-laki. Diskriminasi dari penumpang pun nyaris tak dia alami. ""Selama ini penumpang laki-laki baik-baik saja, enggak pernah diskriminatif. Teman-teman ojol juga saling rangkul, bahkan banyak yang melindungi saya,"" tutur Devi. Namun ia tak menampik bahwa sebagai perempuan, ia kerap mendapat perlakuan berbeda di jalan. ""Kadang dimarahin orang meskipun kita udah minggir. Karena kita perempuan mungkin, jadi sering disalahin,” ujar Devi. Di balik tantangan itu, Devi justru merasa pekerjaannya membuka ruang sosial yang baru. ""Senangnya bisa ketemu banyak orang, jadi banyak teman. Kadang ketemu orang baru tapi serasa udah kenal lama,"" ungkap Devi.",,Hari Kartini,kemandirian perempuan,driver ojek online,Devi Indah Wati,nan,kompas,sosial
Park Ha Na akan Menikah dengan Pelatih Basket Kim Tae Sul Juni 2025,11 Februari 2025 | 18.42 WIB,"Baca berita dengan sedikit iklan,  klik di sini  TEMPO.CO, Jakarta - Aktris Korea Selatan, Park Ha Na akan menikah dengan Kim Tae Sul, mantan pebasket dan pelatih klub  basket Goyang Sono Skygunners. Agensi mengkonfirmasi bahwa pernikahan Park Ha Na dan Kim Tae Sul akan diadakan secara tertutup di Seoul pada Juni mendatang.  Baca berita dengan sedikit iklan,  klik di sini  Pilihan Editor: 5 Drama Korea yang Dibintangi Park Ha Na, Bintang My Merry Marriage ""Memang benar dia akan menikah dengan Kim Tae Sul pada tanggal 21 Juni,"" kata agensi Park Ha Na, FN Entertainment pada Selasa, 11 Februari 2025, dikutip Soompi. Pernyataan tersebut dikeluarkan setelah Xports News mengabarkannya pertama kali. Keduanya pertama kali  berkenalan di sebuah pertemuan. Mereka semakin dekat seiring berjalannya waktu. Park Ha Na dan Kim Tae Sul memiliki hobi yang sama, yaitu bermain golf. Hal tersebut semakin memperkuat hubungan mereka.  Setelah berkencan sekitar satu tahun, mereka memutuskan untuk menikah. ""Saat bersamanya, saya mendapati diri saya tersenyum setiap hari. Dari pada mencari kehidupan yang glamor, kami adalah tipe yang menikmati momen-momen kecil yang membahagiakan,"" ujar Park Ha Na kepada Hankook Ilboo. Park Ha Na mengungkapkan alasannya menikah dengan Kim Tae Sul. ""Saya memutuskan untuk menikah karena kami bahagia dan menemukan kesenangan bersama,"" ungkap Park Ha Na.  Saat pasangan ini akan memulai babak baru, Park Ha Na mengungkapkan kegembiraannya. Aktris berusia 39 tahun tersebut mengaku ingin membangun keluarga bahagia sambil terus melakukan yang terbaik sebagai seorang aktris. “Kami mempunyai sikap positif yang serupa terhadap kehidupan, jadi tidak ada ruang untuk wacana di sana. Saya senang dan bersyukur karena banyak hal hebat yang terjadi sejak berjanji untuk menikah,” kata Park Ha Na. Berbicara tentang kekasihnya, Park Ha Na mengatakan bahwa Kim Tae Sul adalah sosok pria yang sangat dewasa dan terhormat.  ""Di atas segalanya, kebaikannya adalah salah satu kualitas terbesarnya,"" ujar Park Ha Na.  Orang-orang yang dekat dengan pasangan tersebut mengatakan bahwa mereka selalu memperhatikan satu sama lain dengan penuh kasih sayang. ""Kepribadian Park yang ceria dan menawan serta sikap Kim yang tenang dan dapat diandalkan menjadikan mereka pasangan yang sempurna,” ujar mereka. Meskipun akan segera menikah, Park Ha Na meyakinkan para penggemar bahwa dirinya akan tetap melanjutkan kariernya di dunia seni peran. ""Kami menghormati dan mendukung pekerjaan satu sama lain. Bahkan setelah menikah, saya berencana untuk menyapa penggemar melalui proyek-proyek yang hebat,"" ungkapnya. Park Ha Na memulai debutnya sebagai penyanyi pada 2003, sebelum beralih ke akting. Sejak saat itu, ia telah membintangi drama 12 Signs of Love, A Hundred Years Legacy, Empress Ki, Apgujeong Midnight Sun, Still Loving You dan The Promise di KBS, serta Fatal Promise di KBS2, Young Lady and Gentleman, dan Vengeance of the Bride. Saat ini, ia memainkan peran utama Maeng Gong Hee di My Merry Marriage dan baru-baru ini memenangkan KBS Drama Award untuk Aktris Terbaik dalam kategori drama harian. Dia juga merupakan anggota FC Actionista di acara hiburan Kick a Goal. Kim Tae Sul lahir pada 1984, setahun lebih tua dari Park Ha Na. Kim Tae Sul merupakan lulusan Universitas Yonsei, mendapat pengakuan sebagai ahli bola basket di sekolah menengah dan bergabung dengan Seoul SK Knights pada 2007.  Selama bertahun-tahun, ia bermain untuk beberapa tim diantarnya Anyang KGC, Jeonju KCC Egis, Seoul Samsung Thunders dan Wonju DB Promy. Ia juga meraih medali emas di Asian Games Incheon 2017 sebagai anggota tim bola basket nasional Korea. Setelah pensiun pada 2021, Kim Tae Sul bekerja sebagai komentator basket dan mendapatkan pengakuan melalui penampilannya di acara varietas olahraga JTBC. Kemudian tahun lalu, dirinya ditunjuk sebagai pelatih kepala Goyang Sono Skygunners. SOFWA NAJLA TSABITA SUNANTO Pilihan Editor: Sinopsis dan Para Pemeran My Merry Marriage, Drakor tentang Dinamika Kehidupan Pernikahan  Scroll ke bawah untuk melanjutkan membaca   Baca berita dengan sedikit iklan,  klik di sini",,park-ha-na,kim-tae-sul,menikah,aktris-korea,my-merry-marriage,tempo,hiburan
"12 Wilayah di Jakut Terancam Terendam Banjir Rob, Ini Tanggal dan Wilayahnya",13-Apr-25," JAKARTA, KOMPAS.com - Berdasarkan informasi dari Badan Meteorologi Klimatologi dan Geofisika (BMKG), ada 12 wilayah di Jakarta Utara yang terancam terendam banjir rob pada periode 14-19 April dan 20 April-4 Mei 2025. 12 wilayah itu di antaranya, Kamal Muara, Kapuk Muara, Penjaringan, Pluit, Ancol, Kamal, Marunda, Cilincing, Kali Baru, Muara Angke, Tanjung Priok, dan Kepulauan Seribu. Adanya potensi banjir rob tersebut disebabkan karena fenomena bulan purnama yang diprediksi akan terjadi pada Minggu, 13 April 2025. Selain itu, banjir rob disebabkan juga karena adanya super new moon atau fase bulan perigee dan bulan baru. ""Adanya fase Super New Moon atau fase bulan perigee dan bulan baru pada tanggal 27 April 2025,"" tulis BMKG dilansir dari akun Instagram @dkijajarta, Minggu (13/4/2025). Kedua fenomena itu disebut berpotensi membuat ketinggian air laut meningkat sehingga menyebabkan rob. ""Berpotensi meningkatkan ketinggian air laut maksimum berupa banjir pesisir atau rob di wilayah pesisir Jakarta Utara,"" tulis informasi itu lagi. Dengan adanya imbauan lebih dini, diharapkan masyarakat yang tinggal di pesisir Jakarta bisa melakukan antisipasi sebelum banjir rob tiba.",,Jakarta,Banjir rob,Jakarta Utara,banjir rob Jakarta,banjir rob jakarta utara,kompas,lingkungan
Menbud Fadil Zon: Apresiasi Budaya Luar Boleh tapi Jangan Sampai Kerasukan,"Senin, 06 Jan 2025 23:44 WIB","Menteri Kebudayaan (Menbud) Fadli Zon mengingatkan masyarakat untuk tidak berlebihan dalam mengapresiasi budaya asing. Dia menekankan pentingnya rasa cinta terhadap budaya dalam negeri. ""Kita boleh saja mengapresiasi budaya dari luar tapi yang paling penting kita harus apresiasi budaya kita sendiri. Jadi, jangan sampai kita kerasukan budaya orang lain,"" ujar Fadli saat kegiatan peresmian Museum Desa Genggelang di Kabupaten Lombok Utara, Nusa Tenggara Barat, dilansir Antara, Senin (6/1/2025). Fadli mengatakan budaya luar yang terlalu mendominasi dapat menyebabkan gaya hidup konsumtif dan individualistik yang kurang sesuai dengan norma-norma lokal. Dia menilai pengaruh budaya asing jugadapat memperlebar kesenjangan sosial.  Kementerian Kebudayaan dalam kepemimpinan Fadli Zon kini tengah berupaya memperbanyak jumlah museum di Tanah Air. Saat ini tercatat hanya sekitar 500-an museum. Dia menargetkan jumlah tersebut bertambah menjadi ribuan museum dalam kurun waktu lima tahun ke depan. Langkah itu, lanjut Fadli, dilakukan agar masyarakat lebih mengenal budaya dan sejarah mereka sehingga berujung apresiasi terhadap budaya sendiri. ""Kita harus kerasukan budaya Indonesia, karena kalau bukan kita yang menghargai budaya kita lantas siapa lagi yang mau menghargai?"" katanya. Lebih lanjut, Fadli juga menyampaikan bahwa pembentukan Kementerian Kebudayaan yang dilakukan oleh Presiden Prabowo Subianto adalah bentuk kepedulian pemerintah pusat terhadap aspek kebudayaan. Komitmen melindungi kebudayaan lokal dari gempuran budaya asing perlu disambut dengan semangat. ""Mudah-mudahan bisa berkesinambungan menjadi jembatan yang menghubungkan kita dengan sejarah, budaya, dan identitas bangsa kita,"" ujar Fadli. Sementara itu, Kepala Museum Negeri Nusa Tenggara Barat (NTB) Ahmad Nuralam menyebut salah satu cara melindungi masyarakat dari gempuran budaya asing adalah melalui museum. Menurut dia museum bukan sekadar sarana untuk menyimpan benda-benda bersejarah, tetapi juga benteng budaya dalam menjaga keutuhan identitas suatu bangsa dari gempuran pengaruh budaya asing.",,fadli zon,kementerian kebudayaan,nan,nan,nan,detik,politik
"Repnas Siap Bantu Program Makan Bergizi Gratis, Harap Tumbuhkan UMKM Lokal","Minggu, 13 Okt 2024 21:22 WIB","Ketua Umum Relawan Pengusaha Muda Nasional (Repnas), Anggawira mengatakan saat ini pihaknya akan fokus membantu program makan bergizi gratis untuk pemerintahan Prabowo Subianto-Gibran Rakabuming. Anggawira menilai program makan bergizi itu bisa membantu akselerasi UMKM. ""Khususnya memang ada program yang sekarang sedang menjadi salah satu tujuan utama yaitu makan siang bergizi, memang kita punya networking yang cukup baik di daerah-daerah,"" kata Anggawira di Arion Hotel, Kemang, Jakarta Selatan, Minggu (13/10/2024). ""Harapannya ini juga kita bisa mengakselerasi UMKM yang ada di daerah dan tentunya juga dengan program ini bisa menumbuhkan ekonomi lokal, ini yang ingin kita juga dorong,"" sambungnya.  Selain itu, dia mengatakan sektor hilirisasi dan industrialisasi juga menjadi salah satu fokus utama. Anggawira berharap di era pemerintahan Prabowo, tidak hanya terhenti pada hilirisasi saja, melainkan juga industrialisasi. ""Kita harapkan tiga pilar utama dari Pak Prabowo yaitu ketahanan energi, ketahanan air dan ketahanan pangan ini juga mampu menopang pertumbuhan kita dan pemerataan, karena juga kita lihat pertumbuhan kita tidak bisa hanya berbasis di perkotaan saja, tapi juga harus mendorong pertumbuhan yang lebih merata di pedesaan,"" jelasnya. Lebih lanjut, Anggawira menyampaikan pihaknya juga mengusulkan sejumlah nama untuk masuk ke jajaran menteri di kabinet Prabowo. Diantaranya, Ketum Golkar sekaligus Ketua Dewan Pembina Repnas Bahlil Lahadalia, Yusril Ihza Mahendra, hingga Rosan Roeslani ""Soal usulan ya, nama-nama Menteri kita tidak secara eksplisit ya. Tapi kalau kita lihat jelas Ketua Dewan Pembina kita, Bang Bahlil yang memang sekarang menjadi Menteri ESDM, ada nama-nama lain seperti Pak Silmy Karim, itu juga salah satu yang kita juga sampaikan di bidang ekonomi,"" katanya. ""Lalu di bidang hukum, ada Prof Yusril juga yang selama ini juga ikut aktif membantu, lalu Pak Rosan, tentunya juga ini menjadi salah satu juga yang kita usulkan, ada di Kooperasi Bang Ferry Juliantono, itu juga salah satu nama yang kita sampaikan juga secara terbuka seperti itu,"" imbuh dia.",,makan bergizi,prabowo,gibran,repnas,nan,detik,politik
Bagaimana Bapanas Redam Harga Beras di 214 Kabupaten,3 September 2025 | 14.36 WIB,"Baca berita dengan sedikit iklan,  klik di sini  BADAN Pangan Nasional (Bapanas) menyatakan upaya stabilisasi pasokan dan harga beras terus dimaksimalkan di berbagai daerah, khususnya di 214 kabupaten dan kota dengan harga beras yang masih di atas Harga Eceran Tertinggi (HET). Kepala Bapanas Arief Prasetyo Adi menjelaskan, intervensi dilakukan secara spesifik melalui penyaluran beras Perum Bulog yang dijual lebih murah dari harga pasar.  Baca berita dengan sedikit iklan,  klik di sini  Jika HET untuk beras medium di zona 1 itu Rp 13.500 per kilogram (kg), ujarnya, maka Bulog hadir dengan harga Rp 12.500 per kg. ""Dengan begitu, masyarakat punya akses ke beras lebih murah dan ini diharapkan memberi dampak nyata dalam menekan harga di pasaran,” ujar Arief dalam keterangan resmi yang dikutip pada Rabu, 3 September 2025.  Scroll ke bawah untuk melanjutkan membaca   Baca berita dengan sedikit iklan,  klik di sini  Selain intervensi harga, ujar Arief, Bulog terus menggenjot penyaluran bantuan pangan beras kepada 18,2 juta keluarga penerima manfaat (KPM). Program ini sudah terealisasi hampir 99 persen, di mana setiap keluarga menerima kg beras. “Ini bantuan yang langsung menyasar masyarakat yang paling membutuhkan, sekaligus menjaga daya beli mereka di tengah dinamika harga,” kata Arief. Arief menambahkan, kenaikan harga beras medium dari Rp 12.500 menjadi Rp 13.500 per kg merupakan bentuk penyesuaian yang wajar, mengikuti perkembangan harga gabah di tingkat petani yang kini berada di kisaran Rp 6.500 hingga Rp 7.000 per kg. Menurut dia, penyesuaian harga ini penting agar rantai usaha tani hingga ke penggilingan tetap berkelanjutan.  “Kalau harga gabah tinggi, maka harga beras medium pun perlu menyesuaikan. Yang penting, Bulog hadir untuk memberikan opsi harga lebih murah kepada masyarakat,” tutur dia. Deputi Bidang Ketersediaan dan Stabilisasi Pangan Bapanas I Gusti Ketut Astawa mengatakan mereka akan segera melakukan intervensi atas kondisi kenaikan beras yang melampaui HET ini. Bapanas, katanya, akan segera menggelar koordinasi dengan seluruh daerah, khususnya 214 kabupaten/kota yang menjadi target penurunan harga beras.  “Kami akan segera intervensi. Oleh karena itu, kami besok akan mengundang seluruh daerah dan stakeholder terkait, dengan fokus pada 214 kabupaten/kota tersebut untuk intervensi stabilisasi pangan,” ujar Ketut. Sebelumnya, data Badan Pusat Statistik (BPS) menunjukkan bahwa jumlah daerah yang mengalami kenaikan harga beras pada pekan keempat Agustus 2025, meningkat dibandingkan pekan sebelumnya yang hanya 200 kabupaten/kota.  Menteri Dalam Negeri Tito Karnavian mengatakan, intervensi beras akan terus diupayakan di kabupaten/kota yang masih mengalami kenaikan harga beras. Di sisi lain, jumlah daerah yang mengalami penurunan harga beras meningkat dari 51 menjadi 58 kabupaten/kota. Ia menilai hal ini berarti bahwa Gerakan Pangan Murah yang dilakukan pemerintah berjalan efektif dan bermanfaat langsung bagi masyarakat. “Meski begitu, masih ada 214 kabupaten/kota yang harga berasnya berada di atas harga acuan pemerintah. Minggu ini kami akan fokus ke daerah-daerah tersebut dengan langkah bersama yang melibatkan Badan Pangan Nasional, Bulog, dan Kementerian Pertanian,” ujar Tito dalam rapat inflasi pada Selasa, 3 September 2025.  Pilihan Editor: Penyebab Pasokan Bensin di SPBU Swasta Seret",,harga-beras,bapanas,beras,het,nan,tempo,politik
Kerangka Manusia Ditemukan di Jalur Pendakian Gunung Sumbing,"Kamis, 26 Sep 2024 23:55 WIB","Pendaki Gunung Sumbing dikejutkan dengan penemuan kerangka manusia di jalur pendakian. Kerangka tersebut sudah berlumut saat ditemukan. Dilansir detikJateng, Kapolsek Kalikajar AKP Aris Kristiyanto mengatakan kerangka manusia tersebut ditemukan oleh salah seorang pendaki saat hendak mengambil air. Kerangka ini ditemukan di aliran Sungai Pengkol Sembilan, tepatnya di petak 23 blok 6 lahan Perhutani, Desa Butuh, Kecamatan Kalikajar, Wonosobo. ""Tadi siang kami bersama anggota mendatangi lokasi penemuan kerangka manusia. Tepatnya di aliran Sungai Pengkol Sembilan wilayah Pos 2 pendakian Gunung Sumbing. Awalnya ada pendaki yang mau ambil air terus melihat ada kerangka manusia,"" kata Aris saat dihubungi detikJateng, Kamis (26/9/2024).  ""Kondisinya sudah tulang belulang dan sudah berlumut. Diduga korban ini sudah meninggal dunia lama. Karena kondisinya memang sudah seperti itu,"" kata dia. Selain kerangka, pihaknya juga menemukan celana warna abu-abu yang diduga milik korban. Hingga saat ini identitas kerangka manusia itu masih belum diketahui. ""Kami juga menemukan celana jin warna biru. Kondisinya sudah robek. Untuk identitas korban masih belum diketahui sampai saat ini,"" ujarnya. Baca selengkapnya di sini.",,gunung sumbing,wonosobo,kerangka manusia,nan,nan,detik,Hukum & kriminal
Penjelasan TikTok Usai Izinnya Dibekukan oleh Komdigi,3 Oktober 2025 | 16.30 WIB,"Baca berita dengan sedikit iklan,  klik di sini  Platform TikTok merespons pembekuan sementara tanda daftar penyelenggara sistem elektronik (TDPSE) terhadap TikTok Pte. Ltd oleh Kementerian Komunikasi dan Digital (Kementerian Komdigi).   Baca berita dengan sedikit iklan,  klik di sini  Manajemen TikTok mengatakan pihaknya menghormati setiap regulasi yang berlaku di negara tempatnya beroperasi. “TikTok menghormati hukum dan regulasi di negara di mana kami beroperasi,” ujar Juru Bicara TikTok melalui keterangan tertulis yang diterima Tempo, Jumat, 3 Oktober 2025.  Scroll ke bawah untuk melanjutkan membaca   Baca berita dengan sedikit iklan,  klik di sini  TikTok juga terus bekerja sama dengan Komdigi untuk menyelesaikan masalah ini. Bersamaan dengan hal itu, TikTok juga berkomitmen untuk melindungi privasi para penggunanya.  “Kami bekerja sama dengan Komdigi untuk menyelesaikan isu ini secara konstruktif, sekaligus terus berkomitmen untuk melindungi privasi pengguna serta memastikan platform kami aman dan bertanggung jawab bagi komunitas TikTok di Indonesia,” kata Juru Bicara TikTok.  Berdasarkan pantauan Tempo per pukul 16.10 WIB, aplikasi TikTok masih bisa diakses. Pun untuk mengunggah konten dan siaran langsung masih berjalan normal. Sebelumnya, Direktur Jenderal Pengawasan Ruang Digital Komdigi Alexander Sabar mengatakan Tiktok dibekukan karena ketidakpatuhannya dalam memenuhi kewajiban sesuai peraturan perundang-undangan. “Langkah ini merupakan bentuk ketegasan pemerintah setelah TikTok hanya memberikan data secara parsial atas aktivitas TikTok Live selama periode unjuk rasa 25–30 Agustus 2025,” kata Alex dalam keterangan tertulisnya pada Jumat, 3 Oktober 2025. Ia mengatakan ada dugaan monetisasi aktivitas live dari akun yang terindikasi aktivitas judi online (judol). Komdigi telah mengajukan permintaan data yang mencakup informasi traffic, aktivitas siaran langsung, serta data monetisasi, termasuk jumlah dan nilai pemberian gift.  “Kami telah memanggil TikTok untuk memberikan klarifikasi secara langsung pada tanggal 16 September 2025, dan TikTok diberikan waktu hingga 23 September 2025 untuk menyampaikan data yang diminta secara lengkap,” kata dia. Namun, melalui surat resmi dari TikTok bernomor ID/PP/04/IX/2025 tertanggal 23 September 2025, TikTok memiliki kebijakan dan prosedur internal yang mengatur cara menangani dan menanggapi permintaan data. Oleh karena itu, TikTok menyatakan tidak dapat memberikan data yang diminta. Alexander menjelaskan, permintaan data merujuk pada Pasal 21 ayat (1) Peraturan Menteri Komunikasi dan Informatika Nomor 5 Tahun 2020 tentang Penyelenggara Sistem Elektronik Lingkup Privat. Beleid itu menyatakan kewajiban PSE Lingkup Privat untuk memberikan akses terhadap sistem elektronik atau data elektronik kepada kementerian atau lembaga dalam rangka pengawasan sesuai dengan peraturan perundang-undangan. “Sehingga, Komdigi menilai TikTok telah melanggar kewajiban sebagai PSE privat, dan kami mengambil langkah pembekuan sementara TDPSE sebagai bentuk tindak lanjut pengawasan,” kata dia.  Ia menyatakan pembekuan sementara TDPSE ini bukan semata tindakan administratif. Akan tetapi, juga bentuk perlindungan negara untuk menjamin keamanan masyarakat Indonesia dari risiko penyalahgunaan teknologi digital, serta memastikan bahwa transformasi digital berjalan secara sehat, adil, dan aman bagi seluruh warga. Komdigi, ujar Alex, berkomitmen untuk menjaga kedaulatan hukum nasional dalam tata kelola ruang digital. “Termasuk memberikan pelindungan bagi pengguna, khususnya kelompok rentan anak dan remaja, dari potensi penyalahgunaan fitur digital untuk aktivitas ilegal.” Pilihan Editor:  Pembatasan Live TikTok Membuat UMKM Tak Bisa Jualan",,tiktok,komdigi,pse,judol,nan,tempo,Hukum & kriminal
"Jelang Sidang Kabinet, Para Menteri Jokowi Mulai Datang ke IKN Besok","Sabtu, 10 Agu 2024 22:21 WIB","Sidang kabinet tahun ini akan digelar di Ibu Kota Nusantara (IKN). Deputi Bidang Protokol, Pers dan Media Sekretariat Presiden mengatakan menteri-menteri kabinet mulai berdatangan dan bermalam ke IKN sejak besok hari. ""Para menteri besok berdatangan ke IKN. Bermalam di Hotel Nusantara,"" kata Yusuf dilansir Antara, Sabtu (10/8/2024). Dia mengatakan para menteri hadir di IKN untuk mengikuti Sidang Kabinet Paripurna pada Senin (12/8). Sidang digelar di Istana Garuda IKN.  Menteri Sekretaris Negara Pratikno sebelumnya mengatakan Sidang Kabinet Paripurna akan membahas hal-hal yang sifatnya umum, layaknya Sidang Kabinet Paripurna pada umumnya. Pembahasan dalam sidang kabinet meliputi evaluasi pemerintahan pada tahun ini, terutama tahun terakhir Pemerintahan Presiden Joko Widodo-Wakil Presiden Ma'ruf Amin. Selain itu, sidang juga membahas perencanaan tahun depan termasuk transisi pemerintahan Presiden terpilih Prabowo Subianto dan Wakil Presiden terpilih Gibran Rakabuming Raka.",,sidang kabinet,sidang kabinet di ikn,sidang kabinet paripurna,hut ke-79 ri,nan,detik,politik
Ledakan di Kantor DPP PBB Diduga dari Pengharum Ruangan yang Bereaksi terhadap Panas,21-Sep-24," JAKARTA, KOMPAS.com - Wakil Ketua Umum (Waketum) Partai Bulan Bintang (PBB) Randy Bagasyudha mengatakan, ledakan di kantor Dewan Pimpinan Pusat (DPP) PBB, Pasar Minggu, Jakarta Selatan, Jumat (20/9/2024) bersumber dari pengharum ruangan. Pengharum ruangan yang tersimpan dalam loker di ruang tunggu lantai dua itu diduga bereaksi terhadap panas. Hal itu diketahui setelah tim Gegana Brimob memeriksa tempat kejadian perkara (TKP). ""Analisisnya adalah ledakan itu karena ada panas yang kemudian bereaksi terhadap pengharum ruangan yang mengandung gas,"" kata Randy saat ditemui di kantor DPP PBB, Sabtu (21/9/2024) dini hari. Selain pengharum ruangan, dalam loker tersebut juga tersimpan pemanas air, kertas dokumen, dan tas salah satu karyawan. Setelah dilakukan penelusuran, dipastikan tak ada yang menggunakan pemanas air di loker itu sebelum ledakan terjadi. ""Posisi ledakan itu kabinet (loker) yang berada di sudut ruangan. Itu tidak ada colokan listrik, tidak ada apa-apa, tiba-tiba muncul api dari situ,"" kata Randy. Adapun api diduga muncul dari salah satu loker pada pukul 17.28 WIB. Kemudian, pada pukul 17.30 WIB terdengar ledakan seperti suara koper jatuh. Petugas keamanan yang tengah berjaga pun langsung berupaya memadamkan api menggunakan lima alat pemadaman api ringan (APAR). “Akhirnya api berhasil dipadamkan, yang di dalam proses pemadaman api kurang lebih 10 sampai 15 menit,” ucap Randy. Saat ledakan terjadi, ruang tunggu tersebut dalam kondisi terkunci dan tidak ada orang. Ruangan itu terakhir kali digunakan sekitar pukul 16.00 WIB. “Tidak ada korban jiwa ataupun luka dalam insiden ini,” tegas Randy. Meski begitu, imbas ledakan ini, Randy bersama pengurus DPP PBB tetap berkoordinasi dengan pemadaman kebakaran, PLN, Polsek Pancoran, Polres Jakarta Selatan, Inafis, dan Gegana. Setelah dilakukan pengecekan, kata Randy, aparat berkesimpulan tidak ditemukan unsur bahan peledak maupun teror dalam insiden tersebut. “Dalam melakukan rangkaian pemeriksaan secara intensif tersebut, tim berkesimpulan tidak ditemukan unsur bahan peledak ataupun teror,” ujar Randy. “Akan tetapi peristiwa ini lebih kepada persoalan teknis maupun unsur kelalaian atau elements of human negligence yang pada prinsipnya tidak disengaja sehingga menimbulkan percikan kecil di dalam ruangan,” tambah dia.",,ledakan diduga bom,ledakan diduga bom di DPP PBB,ledakan di kantor pbb,nan,nan,kompas,Hukum & kriminal
Spanduk Larangan Buang Sampah Penuhi Jalan Raden Fatah Tangerang,17 Oktober 2025," TANGERANG, KOMPAS.com - Sejumlah spanduk bertuliskan larangan membuang sampah sembarangan terpasang di sepanjang Jalan Raden Fatah, Larangan, Kota Tangerang. Seluruh spanduk tersebut bukan berasal dari pemerintah, melainkan hasil tulisan tangan warga yang kesal karena lingkungan mereka terus dipenuhi tumpukan sampah. Berdasarkan pantauan Kompas.com di lokasi, Jumat (17/10/2025), spanduk larangan membuang sampah itu terpasang di titik tertentu di sepanjang Jalan Raden Fatah. Setidak ada 10 spanduk tulisan larangan membuang sampah di sepanjang jalanan tersebut. Lokasinya pun beragam, ada yang dipasang di depan sekolah, depan toko, dan jembatan. Intonasi kalimat yang disampaikan dalam tulisan tersebut pun beragam, ada yang menggunakan kalimat sopan, bahkan ada yang menulis dengan kalimat kasar.  ""Dilarang buang sampah di depan lingkungan sekolah,"" tulis dalam spanduk yang diikatkan di tiang listrik depan sekolah. Petugas di SMP Negeri 3 Tangerang, Dwi (36), mengatakan bahwa pihak sekolah membuat spanduk tulisan larangan setelah sempat ditegur karena banyak sampah yang menumpuk di trotoar sekolah. “Padahal bukan sampah (dari) sekolah, tapi warga buang di situ. Akhirnya kami tulis aja biar enggak disangka dari sekolah,” ujar Dwi saat ditemui Kompas.com di lokasi, Jumat. Sejak spanduk itu dipasang, jumlah sampah memang sedikit berkurang meski masih ada saja warga yang tetap nekat membuang. Saat Kompas.com datang, masih ada beberapa kantong plastik sampah yang tertumpuk di dekat spanduk itu.  Selain itu, tulisan larangan buang sampah juga terpasang di depan ruko yang berada di dekat Pasar Lembang. Kalimat larangan buang sampah itu ditulis warga di atas robekan kardus coklat dengan menggunakan spidol hitam. Hasil tulisan itu dipasang di tiang listrik depan ruko yang berada di sisi jalur dari arah Ciledug, Kota Tangerang, menuju Pondok Kacang, Tangerang Selatan (Tangsel).",,sampah di ciledug,sampah menumpuk di jalan raden fatah ciledug,spanduk larangan buang sampah,spanduk larangan buang sampah di jalan raden fatah,nan,kompas,sosial
"PWNU DKI, Forkabi dan FBR Bentuk Satgas Anti Politik Uang Kawal Pilgub Jakarta","Senin, 18 Nov 2024 22:17 WIB","Koalisi Masyarakat Sipil membentuk gerakan anti-money politic atau politik uang untuk mengawal Pilkada Jakarta 2024. Koalisi ini berharap dengan adanya gerakan ini bisa membuat pilkada berjalan dengan baik. Koalisi Masyarakat Sipil ini terdiri dari sejumlah organisasi masyarakat (ormas). Mereka antara lain PWNU DKI Jakarta, Forkabi, FBR, Petanesia Jakarta, PTIR Nusantara, hingga Anak Kota. ""Pada prinsipnya kami dari PWNU DKI berharap yang pertamanya DKI jadi percontohan, jadi Pilkada yang betul-betul murni, damai sesuai hati nurani rakyat,"" kata Khatib Syuriah PWNU DKI Jakarta, Lukman Hakim Hamid di Kebayoran Baru, Jakarta Selatan, dalam keterangan pers tertulisnya, Senin (18/11/2024).  Lukman menegaskan, gerakan ini tidak disusupi kepentingan politik praktis yang menguntungkan pihak tertentu. Dia menyebut gerakan ini murni dari rakyat agar Pilkada Jakarta berjalan baik.  ""Gerakan ini murni dorongan rakyat agar pilkada berjalan baik,"" kata Lukman. Dalam kesempatan yang sama, Ketua Pelaksana Acara Satgas Anti-Money Politic, Husni Mubarok Amir, mengatakan, gerakan ini merupakan bentuk kepedulian untuk tetap menjaga demokrasi tetap sehat. Tujuannya, katanya, agar pemimpin yang terpilih di Pilkada Jakarta murni karena gagasan yang diusung. ""Kami tidak menginginkan bahwa calon-calon yang dipilih berdasarkan hanya karena persoalan sepele, persoalan uang, persoalan sembako,"" kata Husni. Koalisi, kata Husni menginginkan pilkada dapat berjalan bermartabat, berakhlak, dan adil. Husni menjelaskan, satgas akan melakukan pengawasan di tingkat RT/RW terhadap gerakan politik anti-uang. ""Kami hanya melakukan pengawasan dengan konsep jaga kampung. Agar kampung kita terutama itu bersih dari money politic. Karena membangun demokrasi yang sehat diawali dari lingkungan terkecil kita sendiri,"" katanya Husni mengatakan, jika ditemukan pelanggaran, satgas akan melaporkan temuannya kepada Bawaslu. ""Kami akan mengikuti aturan perundang-undangan yang berlaku, tidak akan main hakim sendiri. Ketika ada pelanggaran, maka kita akan serahkan kepada Bawaslu. Karena mereka yang berhak mengambil tindakan,""kata Husni.",,pilkada jakarta,pilkada jakarta 2024,nan,nan,nan,detik,politik
Cerita Penumpang Panik saat LRT Dukuh Atas-Harjamukti Alami Gangguan,"Minggu, 01 Des 2024 20:26 WIB","LRT Jabodebek relasi Dukuh Atas BNI-Harjamukti mengalami gangguan perjalanan di petak jalan Ciracas-Harjamukti karena hambatan eksternal pada jalur LRT. Salah satu penumpang, Salsa (26) menceritakan penumpang sempat panik akibat peristiwa tersebut. Salsa naik dari Stasiun LRT Cikoko. Dia merasakan perjalanan LRT awalnya baik-baik saja, namun di Kampung Rambutan, LRT sempat berhenti lama sekitar 10 menit. ""Pas di Stasiun Kampung Rambutan tuh sempat berhenti agak lama gitu, sekitar 10 menit deh kayaknya, baru deh ada pengumuman kalau ada gangguan operasional maka kereta akan berhenti di Ciracas mohon untuk keluar kereta nanti akan disediakan feeder pengganti,"" kata Salsa saat dihubungi detikcom, Minggu (1/12/2024).  Salsa mengatakan setelah pengumuman tersebut, saat LRT posisi masih berhenti, penumpang terlihat panik. Setelah itu, pihak LRT mengumumkan kembali terkait penumpang akan diturunkan di Ciracas. ""Setelah pengumuman itu keretanya masih berhenti, aku liat sekitar aku sih mulai agak panik gitu ya tapi ngga sampe yang berdiri dari kursi cuma seling natap aja. Lalu ada pengumuman kedua dengan VO yang berbeda, nah yang kedua ini suaranya kurang jelas tapi kurang lebih informasinya sama. Setelah pengumuman itu sekitar 2 menitan baru jalan lagi menuju Ciracas,"" ucapnya. Dia mengatakan sebelum sampai Ciracas, LRT sempat berhenti untuk berpindah jalur, penumpang pun turun. Pukul 17.49 WIB, sekitar 5 hingga 7 menit, LRT dari Dukuh Atas pun drop penumpang hingga kondisi ramai. Namun, para petugas dengan sigap menjawab pertanyaan penumpang meski kondisi ramai. ""Jadi mulai agak ramai kan, dan orang-orang mulai bergerombol ngomongin gitu. Aku kebetulan sendiri dan aku cuma merhatiin sekitar aja, aku liat ada beberapa teknisi gitu dan security LRT nya juga cukup sigap ya koordinasi dengan tim dan menjawab pertanyaan penumpang. Sekitar 18.08 WIB, kereta penggantinya datang dan semuanya langsung naik kereta,"" tutupnya. Sebelumnya, LRT Jabodebek relasi Dukuh Atas BNI-Harjamukti mengalami gangguan perjalanan di petak jalan Ciracas-Harjamukti yang diakibatkan adanya hambatan eksternal pada jalur LRT Jabodebek. Akibatnya, kereta terhenti dan tidak dapat melanjutkan perjalanan. Manager Public Relations LRT Jabodebek, Mahendro Trang Bawono, menjelaskan gangguan teknis ini terjadi pukul 15.43 WIB sore ini. PT Kereta Api Indonesia (KAI) pun meminta maaf atas ketidaknyamanan yang terjadi akibat gangguan tersebut. Mahendro menyebut tim operasional LRT Jabodebek bergerak cepat dengan menurunkan kereta penolong (TS 08), yang tiba di lokasi pada pukul 16.10 WIB untuk mengevakuasi penumpang. Menurutnya, berkat kerja sama yang baik antara petugas dan penumpang, proses evakuasi berjalan lancar. ""Seluruh penumpang berhasil diantar dengan selamat ke Stasiun Harjamukti tanpa ada laporan korban luka-luka, baik di pihak penumpang maupun petugas,"" kata Mahendro dalam keterangan tertulis, Minggu (1/12). Sebagai langkah lanjutan, LRT Jabodebek melakukan penyesuaian jadwal perjalanan. Relasi Dukuh Atas BNI-Harjamukti disesuaikan menjadi Dukuh Atas BNI-Ciracas. Sedangkan perjalanan Ciracas-Harjamukti akan dilayani dengan 1 kereta. ""Penyesuaian ini dilakukan untuk menjaga kelancaran operasional dan memastikan kenyamanan para penumpang,"" ucapnya.",,lrt jabodebek,jabodetabek,lrt gangguan,nan,nan,detik,transportasi
Detik-detik Penangkapan Pembunuh Pria Dalam Karung di Tangerang,"Rabu, 23 Apr 2025 23:16 WIB","Pria berinisial N alias R (23), pelaku pembunuhan pria yang jasadnya terbungkus karung di Batuceper, Tangerang ditangkap Subdit Jatanras Ditreskrimum Polda Metro Jaya. N ditangkap dalam sebuah kamar saat sedang tidur. Dilihat dari video penangkapan yang diterima, Rabu (23/4), anggota Subdit Jatanras Ditreskrimum Polda Metro Jaya mulanya mendatangi sebuah rumah kontrakan. Salah satu anggota terlihat lebih dulu mengetuk pintu. Tak lama kemudian, anggota tersebut membuka secara paksa pintu kontrakan dengan mendobraknya. Saat berhasil membuka pintu, anggota jajaran Subdit Jatanras Ditreskrimum Polda Metro Jaya mendapati sosok N sedang tertidur di sebuah kasur.  N pun kaget ketika mengetahui anggota jajaran Subdit Jatanras Ditreskrimum Polda Metro Jaya mendobrak pintu dan masuk ke kontrakan itu. Pelaku pasrah saat ditangkap. Alhasil, anggota Subdit Jatanras Ditreskrimum Polda Metro Jaya dengan mudah mengamankan pelaku. Selanjutnya N digiring keluar rumah kontrakan untuk mengarah ke mobil. Kabid Humas Polda Metro Jaya, Kombes Ade Ary Syam mengungkap motif N melakukan pembunuhan. Ade Ary menjelaskan N dengan korbannya memiliki masalah dalam pekerjaan. ""Motif melakukan pembunuhan karena ada masalah pekerjaan di tempat kerja (konveksi)"" kata Ade Ary. Sebelumnya, Kasubdit Jatanras Ditreskrimum Polda Metro Jaya, AKBP Abdul Rahim menjelaskan N ditangkap hari ini pukul 16.00 WIB. N ditangkap di kawasan Penunggangan utara Kecamatan Pinang, Kota Tangerang. ""Pelaku tunggal,"" terang Abdul Rahim kepada wartawan. Seperti diketahui, jasad korban ditemukan pada Selasa (22/4), pukul 08.15 WIB. Korban ditemukan setelah warga mencium bau tak sedap di lokasi. ""Setelah ditelusuri bau tersebut ternyata berasal dari dalam karung yang berada di pinggir di antara got pinggir Jalan Daan Km 21, wilayah hukum Polsek Batuceper,"" kata Kapolres Metro Tangerang Kota Kombes Zain Dwi Nugroho kepada wartawan, Selasa (22/4). Zain menyebutkan korban diperkirakan berusia 20-30 tahun. Selain itu, dari hasil pemeriksaan luar, ditemukan luka terbuka pada kepala dan tangan kanan korban. ""Pada pemeriksaan luar diketahui pada mayat korban di temukan beberapa luka terbuka pada kepala dan tangan kanan,"" jelas Zain. Zain mengatakan pihaknya masih menunggu hasil autopsi secara menyeluruh di RSUD Kabupaten Tangerang. Dia mengimbau warga yang merasa kehilangan anggota keluarga untuk segera menghubungi Polres Metro Tangerang Kota.",,tangerang,polda metro jaya,pembunuhan,jabodetabek,mayat dalam karung,detik,kriminal
Mensos Ajak Pemda Ikut Kawal Penyaluran Bansos Tambahan Rp30 Triliun,21 Oktober 2025 | 20.22 WIB,"Baca berita dengan sedikit iklan,  klik di sini  INFO NASIONAL - Program stimulus Bantuan Langsung Tunai Sementara (BLTS) senilai lebih dari Rp30 triliun telah mulai disalurkan untuk 35.04 juta Keluarga Penerima Manfaat (KPM). Menteri Sosial Saifullah Yusuf atau Gus Ipul mengatakan perlu adanya koordinasi dengan pemerintah daerah agar bantuan tepat sasaran.   Baca berita dengan sedikit iklan,  klik di sini  Hal ini dikarenakan data yang bersifat dinamis, sehingga pemerintah daerah perlu membantu pengecekan ke lapangan untuk memastikan data penerima sesuai dengan kriteria.  Scroll ke bawah untuk melanjutkan membaca   Baca berita dengan sedikit iklan,  klik di sini  ""Kita tinggal mulai untuk menyalurkan, kita perlu koordinasi dimana kita tentu berharap bahwa bantuan ini diterima oleh mereka yang memenuhi kriteria yaitu yang berada di desil 1, 2, 3, dan 4. Di Data Tunggal Sosial Ekonomi Nasional yang Insya Allah mulai hari ini juga bisa dilihat lewat aplikasi yang sudah disiapkan oleh Pusdatin (SIKS-NG),"" ujar Gus Ipul pada Selasa, 21 Oktober 2025. Selain pemerintah daerah, Gus Ipul juga akan melibatkan para pendamping serta pilar sosial untuk melalukan edukasi, pendampingan, dan sosialisasi kepada Keluarga Penerima Manfaat (KPM) tentang Bantuan Langsung Tunai Sementara (BLTS). ""Didampingi supaya pemanfaatannya sesuai peruntukkannya. Mereka juga diharapkan nanti melaporkan kendala penyaluran BLTS di wilayahnya. Intinya bahwa proses salur ini kita manfaatkan sekaligus untuk groundcheck, sehingga kita bisa mengetahui kondisi objektif dari para penerima manfaat itu. Kita harapkan Bapak-Ibu sekalian ini menjadi satu kesatuan yang tidak terpisahkan,"" kata Gus Ipul. Gus Ipul juga menyampaikan tujuan dari BLTS untuk menjaga daya beli masyarakat dan mendorong pertumbuhan ekonomi nasional dengan menyasar KPM yang berada pada desil 1-4 Data Tunggal Sosial Ekonomi Nasional (DTSEN). Ia juga menjelaskan KPM BLTS ini terdiri lebih dari 20.8 juta KPM regular penerima bansos, dan 14 juta lebih KPM baru yang sebelumnya belum masuk sebagai penerima bantuan regular.  Kemudian untuk penyalurannya berada di triwulan IV. Proses salurnya juga melalui dua cara yaitu untuk yang regular melalui Himbara dan untuk KPM baru akan melalui PT Pos Indonesia. ""Ini yang baru karena belum memiliki rekening,"" kata Gus Ipul. Bantuan yang diberikan senilai Rp 300 ribu per bulan untuk bulan Oktober, November dan Desember yang diberikan satu kali dengan total Rp 900 ribu. Sehingga dengan adanya BLTS, para KPM regular menerima total Rp1,5 juta. ""KPM baru menerima Rp900 ribu yang memerlukan verifikasi, dan data ini akan kita sampaikan ke Pemda, Pemerintah Kota. Kita ingin waktunya 5 hari ke depan,"" tambahnya. Targetnya verifikasi data ini dalam waktu lima hari. ""Kita berpacu dengan waktu dan data yang sudah diverifikasi itu akan kita langsung teruskan ke PT Pos Indonesia, untuk bisa langsung segera disalurkan. Karena arahan Bapak Presiden, ini agar bisa segera disalurkan,"" katanya. (*)",,info-tempo-kemensos,info-tempo,kemensos,bansos,pemda,tempo,politik
Ditreskrimum Polda Metro Salurkan Bantuan ke Korban Banjir di Condet,"Kamis, 06 Mar 2025 21:39 WIB","Ditreskrimum Polda Metro Jaya (PMJ) turut serta dalam upaya pemulihan usai bencana banjir Jakarta. Jajaran Ditreskrimum PMJ menyalurkan berbagai bantuan kepada warga di posko banjir Masjid Al Hawi, Condet, Kramat Jati, Jakarta Timur. ""Jelang Operasi Pekat Jaya 2025 dengan sasaran pemberantasan kejahatan jalanan, Ditreskrimum Polda Metro Jaya terus bergerak memastikan kondisi keamanan para korban yang mengungsi, sekaligus mencegah adanya aksi kriminalitas di sekitar lokasi bencana,"" kata Dirreskrimum PMJ Kombes Wira Satya Triputra dalam keterangannya, Kamis (6/3/2025). Dipimpin oleh Kabagbinopsnal AKBP Putranto, para personel Ditreskrimum PMJ meninjau dan memantau situasi di sekitar lokasi bencana banjir Condet. AKBP Putranto menyebut kondisi banjir mulai berangsur surut dan masyarakat mulai membersihkan lingkungan sekitar tempat tinggalnya.  ""Sembari memantau situasi keamanan di lokasi terdampak (banjir), kami juga turut menyerahkan bantuan peralatan kebersihan, semoga bisa bermanfaat bagi masyarakat,"" ucap AKBP Putranto. Selain peralatan kebersihan, jajaran Ditreskrimum OMJ turut menyalurkan bantuan air minum, makanan anak, dan telur bagi para korban. ""Semoga kehadiran kami bisa semakin menjamin keamanan serta memberi semangat bagi warga terdampak bencana,"" ujarnya. Untuk diketahui, Polda Metro Jaya menggelar Operasi Pekat Jaya 2025 mulai 7 Maret sampai 21 Maret 2025. Operasi ini bertujuan untuk memberantas kejahatan jalanan sekaligus menjamin keamanan masyarakat selama menjalankan ibadah puasa Ramadan 1446 Hijriah. ""Operasi ini bertujuan menekan kriminalitas jalanan termasuk kejahatan yang berpotensi terjadi selama bulan suci Ramadan hingga jelang Idul Fitri. Target kami adalah para pelaku pencurian, premanisme, pemerasan, minuman keras, dan penyakit masyarakat lainnya"" imbuh Kombes Wira Satya.  Simak Video 'BMKG Modifikasi Cuaca Biar Nggak Banjir, Seperti Apa Mekanismenya?': [Gambas:Video 20detik] ",,banjir,jakarta,jabodetabek,polda metro jaya,nan,detik,sosial
"Viral Nama Harvey Moeis dan Sandra Dewi di JKN PBI, Dinkes Jakarta Klaim Bersihkan 400.000 Data Bermasalah",30 Desember 2024," JAKARTA, KOMPAS.com - Kepala Dinas Kesehatan Provinsi Jakarta, Ani Ruspitawati, mengungkapkan bahwa pihaknya telah melakukan penataan ulang data kepesertaan Jaminan Kesehatan Nasional (JKN) sejak tahun 2020. Hingga saat ini, lebih dari 400.000 data bermasalah telah dibenahi. Hal ini disampaikan Ani menanggapi pertanyaan mengenai nama Harvey Moeis dan Sandra Dewi yang sempat terdaftar sebagai peserta penerima bantuan iuran (PBI) JKN. “Hal-hal kayak gitu kita sudah ngebersihin sampai sekitar berapa yang dapat? (Sekitar) 400.000 lebih yang kita bersihin,” ujar Ani di Kantor Balai Kota, Gambir, Jakarta Pusat, Senin (30/12/2024). Menurut Ani, pembersihan data atau cleansing dilakukan untuk menghapus data yang terduplikasi atau salah segmen, seperti warga yang seharusnya dibiayai pemberi kerja atau mampu membayar secara mandiri. “Proses penataan itu kan ada banyak hal. Yang pertama kita cleanse-in data dulu, ada yang salah segmen, ada yang duplikasi,” jelasnya. Selain membersihkan data, Pemprov DKI juga sedang merevisi peraturan gubernur (Pergub) untuk memperbaiki sistem klasifikasi peserta JKN. Revisi ini bertujuan agar warga mampu diarahkan ke segmen kepesertaan mandiri, sementara PBI difokuskan untuk warga tidak mampu. “Termasuk rencana untuk memperbaiki, merevisi Pergub. Itu juga bagian dari proses penataan,” ujar Ani. Ani menambahkan, kebijakan Universal Health Coverage (UHC) menekankan prinsip gotong royong di mana peserta yang mampu dan sehat membantu mensubsidi warga tidak mampu atau sakit. “Jadi, kecakupannya itu semesta. Ada gotong royong di situ, orang yang sehat mensubsidi yang sakit. Yang mampu mensubsidi yang tidak mampu,” jelasnya. Nama Harvey Moeis dan Sandra Dewi sempat mencuat setelah diketahui terdaftar sebagai penerima PBI sejak 1 Maret 2018. Saat itu, Pemprov DKI tengah mempercepat penerapan UHC sesuai Pergub Nomor 169 Tahun 2016. “Pada periode 2017-2018, Pemprov DKI melaksanakan percepatan UHC dengan tujuan memastikan seluruh penduduk DKI Jakarta memiliki akses terhadap layanan kesehatan,” kata Ani. Meski demikian, sejak 2020, Pemprov DKI mulai melakukan tata ulang data penerima PBI agar lebih tepat sasaran. Proses ini termasuk integrasi fakir miskin dan masyarakat tidak mampu ke dalam PBI Jaminan Kesehatan (JK) yang dibiayai oleh pemerintah pusat.",,Harvey Moeis dan Sandra Dewi PBI BPJS Kesehatan,Harvey Moeis dan Sandra Dewi terima bantuan iuran BPJS Kesehatan,PBI BPJS Kesehatan,Peserta BPJS Kesehatan PBI,bpjs kesehatan pbi,kompas,kesehatan
OpenAI Luncurkan ChatGPT Pulse: Asisten Pribadi Penyusun Ringkasan,29 September 2025 | 11.23 WIB,"OPENAI meluncurkan fitur ChatGPT Pulse untuk menyusun berbagai informasi harian dan memberikan ringkasan kepada pengguna. Seperti fungsi umum ChatGPT, fitur ini diklaim membantu pengguna untuk mempelajari sesuatu atau untuk menunjang pekerjaan.  Baca berita dengan sedikit iklan,  klik di sini  “Kami merilis pratinjau ChatGPT Pulse untuk pengguna Pro di ponsel,” tulis OpenAI melalui situs resmi pada Kamis, 25 September 2025.  Scroll ke bawah untuk melanjutkan membaca   Baca berita dengan sedikit iklan,  klik di sini  Perusahaan teknologi itu menyatakan fitur ini dapat terhubung ke Gmail dan Google Calendar untuk memberikan konteks tambahan untuk saran yang lebih relevan. Saat terhubung, ChatGPT akan menyusun agenda, mengingatkan melakukan sesuatu, dan menampilkan rekomendasi kunjungan dalam sebuah perjalanan. “Integrasi ini dinonaktifkan secara setelan bawaaan (default) dan dapat diaktifkan atau dinonaktifkan kapan saja di pengaturan,” tulis OpenAI. Semua topik obrolan akan dikumpulkan dan sistem membuat sebuah kartu visual sebagai penanda. Meski ini semua dibuat dengan personalisasi, OpenAI mengklaim topik yang ditampilkan di ChatGPT Pulse tetap aman dan menghindari konten berbahaya yang melanggar kebijakan privasi. Model akal imitasi (AI) pada ChatGPT setiap malam akan menganalisis riwayat obrolan pengguna, umpan balik, preferensi topik yang dikurasi, dan data yang terhubung pada Gmail atau Google Calendar. Setiap harinya AI akan membuat kartu visual sebagai rangkumannya. Kartu tersebut bisa dibuka untuk diedit atau meminta langkah selanjutnya pada AI. Dalam fitur ini, OpenAI menyatakan ChatGPT Pulse tidak akan selalu melakukan semua yang dirangkum dengan benar, tetapi tetap pada tujuannya untuk memberikan relevansi penggunaan pada masing-masing pengguna. OpenAI masih mempelajari fitur ini pada penggunaan awal sebelum meluncurkan ke versi berlangganan Plus. “Dengan tujuan membuatnya tersedia untuk semua orang,” tulis OpenAI. Pilihan Editor: YouTube Terapkan Verifikasi Usia AI Secara Luas",,openai,chatgpt-pulse,chatgpt,nan,nan,tempo,teknologi
Macam Masalah Kesehatan Akibat Tidur dengan Kipas Angin,18 Agustus 2024 | 15.01 WIB,"Baca berita dengan sedikit iklan,  klik di sini  TEMPO.CO, Jakarta - Cuaca panas membuat orang tergoda untuk tidur dengan embusan kipas angin, terutama yang tak memiliki pendingin ruangan. Ruangan memang jadi lebih sejuk tapi waspadai pula beberapa masalah kesehatan yang mengintai, mulai dari nyeri otot sampai gangguan pernapasan.  Baca berita dengan sedikit iklan,  klik di sini  Pakar kesehatan menyebut alasan tak disarankan tidur sambil menyalakan kipas angin karena lebih banyak bahayanya daripada manfaatnya. Anda bisa bangun pagi dengan beragam masalah kesehatan.   Scroll ke bawah untuk melanjutkan membaca   Baca berita dengan sedikit iklan,  klik di sini  Pakar tidur dan CEO MattressNextDay, Martin Seeley, mengingatkan masalah yang mungkin timbul adalah alergi dan asma. Menurutnya, angin yang diembuskan kipas bisa mengandung debu, spora, serbuk sari, dan pemicu alergi lainnya.  ""Jika Anda mengalami bersin terus menerus, mata berair, hidung meler, tenggorokan gatal, dan bahka sulit bernapas, pastikan tak ada debu di bilah kipas angin,"" ujarnya kepada Express. Leher kaku dan nyeri ototIa juga mengatakan berjam-jam terpapar kipas angin bisa membuat hidung tersumbat. Lama-lama, angin yang keluar bisa menyebabkan hidung dan tenggorokan kering. Akibatnya, tubuh memproduksi lebih banyak lendir untuk membuatnya terhidrasi dan memunculkan banyak efek samping. ""Termasuk sakit kepala, hidung tersumbat, bahkan sakit kepala sinus,"" kata Seeley. Minum banyak air bisa membantu mengatasinya. ""Juga dianjurkan buat yang sulit tidur karena cuaca panas karena dehidrasi sedikit pun sudah membuat tubuh terasa lebih lelah,"" jelasnya. Menyalakan kipas angin saat tidur juga bisa membuat mata kering. Kemungkinan lain adalah leher kaku dan nyeri otot. Apalagi jika sudah ada ""bekal"" nyeri otot akibat bekerja atau duduk lama dengan posisi tak tepat. ""Karena udara yang terkonsentrasi bisa menyebabkan otot tegang dan kram, membuatnya lebih sakit,"" tandasnya. Pilihan Editor: Bahaya Sleep Call yang Sedang Tren Menurut Dosen UI",,kipas-angin,tidur,masalah-kesehatan,cuaca-panas,alergi,tempo,kesehatan
"Dahsyatnya Kebakaran Pabrik Ternak di Bekasi, Berlangsung Lebih dari 24 Jam dan Tewaskan 9 Pekerja",2-Nov-24," BEKASI, KOMPAS.com - Kebakaran besar terjadi di sebuah pabrik pakan ternak milik PT Jati Perkasa Nusantara di Jalan Pondok Ungu, Kelurahan Pejuang, Medan Satria, Kota Bekasi, pada Jumat (1/11/2024) sekitar pukul 06.00 WIB. Sedikitnya 14 mobil pemadam kebakaran (damkar) dikerahkan untuk memadamkan kebakaran. ""Sekitar 14 unit diterjunkan,"" kata Komandan Kompi A Damkar Kota Bekasi, Rusmanto, di lokasi kejadian, Jumat. Kepala Bidang Pemadaman dan Penyelamatan Damkar Kota Bekasi Namar Naris mengatakan, kebakaran yang terjadi di pabrik pakan ternak PT Jati Perkasa Nusantara bermula dari adanya ledakan alat produksi. ""Karena kan api berasal dari ledakan alat produksi,"" ujar Naris kepada wartawan, Jumat malam. Percikan api yang muncul dari ledakan alat produksi itu kemudian menyambar ke beberapa karung. Selanjutnya, api mengenai material bahan baku, salah satunya crude palm oil (CPO) atau minyak mentah sawit. ""Tadi disampaikan oleh manajemen. Jadi itu, bahan pakan ternak itu kan dari CPO yang jadi bahan pakan ternak,"" ujar Naris. Semburan api ke CPO pada akhirnya membuat kebakaran menjadi besar. Akibatnya, baja dan seng yang berada di atas material bahan baku jatuh menutupi bangunan alat produksi. Hal ini membuat petugas sulit memadamkan api. ""Jadi agak sulit, kita harus urai pakai beko atau pakai apa itu (alat berat untuk menyingkiran baja dan seng),"" kata Naris. Kebakaran yang terjadi di pabrik PT Jati Perkasa Nusantara setidaknya berlangsung lebih dari 24 jam. Naris menyampaikan, kebakaran berhasil dipadamkan sepenuhnya pada Sabtu (2/11/2024) pukul 07.30 WIB. ""Pagi (padam). Laporan tim yang di sana 07.30 WIB,"" ujar Naris saat dikonfirmasi, Sabtu. Pantauan Kompas.com di lokasi pukul 08.00 WIB, kepulan asap hitam pekat yang sebelumnya muncul di area dalam pabrik kini sudah tak nampak.",,pabrik minyak di Bekasi terbakar,kebakaran pabrik di bekasi,kebakaran pabrik pakan ternak,korban tewas kebakaran pabrik bekasi,nan,kompas,lingkungan
Indra Sjafri Hati-hati Pilih Pemain Timnas U-23 Indonesia untuk SEA Games 2025,10 Oktober 2025 | 09.32 WIB,"Baca berita dengan sedikit iklan,  klik di sini  PELATIH Timnas U-23 Indonesia Indra Sjafri nantinya akan memilih 23 pemain untuk tampil di SEA Games 2025 di Thailand pada 9-20 Desember mendatang. Saat ini, ia bersama tim kepelatihan sedang menggelar pemusatan latihan di Jakarta yang sekaligus ajang seleksi pemain. Pada pemusatan latihan pertama di Jakarta yang dimulai pada 3 Oktober lalu, Indra memanggil 34 pemain. Di sesi ini, ada dua pertandingan uji coba melawan India yang dijadwalkan pada Jumat, 10 Oktober dan Senin pekan depan, 13 Oktober nanti. Keduanya digelar di Stadion Madya Gelora Bung Karno, Senayan, Jakarta. Indra menegaskan dirinya memiliki filosofi tersendiri dalam memilih pemain. Setelah ditunjuk untuk kembali menangani tim sepak bola putra Indonesia untuk SEA Games, ia memulai dengan memilih pemain dari 50 daftar nama dari Badan Tim Nasional. Para pemain itu telah didaftarkan ke Komite Olimpiade Indonesia pada 6 September lalu. Pelatih yang sebelumnya sukses membawa tim sepak bola putra Indonesia menjadi juara SEA Games 2023, mengakhiri penantian 32 tahun untuk membawa pulang gelar di ajang tersebut, memanggil 34 pemain dari daftar tersebut. Latihan perdana secara terbuka untuk media pada Jumat, 3 Oktober lalu. ""Pasti setiap pelatih punya filosofi bermain sendiri, punya trade mark sendiri,"" kata dia, saat ditanya tipe pemain yang akan dipanggil ke SEA Games, di Hotel Le Meridian, Tanah Abang, Jakarta Pusat, Kamis, 9 Okotober 2025.  Baca berita dengan sedikit iklan,  klik di sini  Pemusatan latihan (TC) akan berlangsung hingga November mendatang. Selama itu, Indra akan mengamati para pemain untuk nantinya dipilih 23 pemain yang dibawa ke Thailand. ""Itu ada enggak kriteria yang pas untuk menjalankan game plan yang kami punya,"" kata Indra.Pelatih berusia 62 tahun itu menekankan bahwa 23 pemain yang akan dipilih adalah mereka yang dianggap akan bisa menjalankan game plan yang mau dimainkan. ""Kalau pertanyaannya, apakah ada pemain yang bisa mensupport apa yang saya inginkan, dalam rangka itulah kita lakukan program TC, uji coba,"" kata dia.Namun, pemusatan latihan bukan satu-satunya. Ia juga akan melakukan tes-tes lain untuk para pemain dalam persiapan menuju SEA Games 2025. ""Termasuk kemarin saya laukan tes talent DNA karena, saya ingin tahu persis orang yang saya tunjuk benar-benar kompeten,"" ujar dia.Persiapan awal para pemain yang dipanggil telah mengikuti berbagai tes, termasuk pengecekan kesehatan. Selain itu tes yang dilakukan dalam hal pengumpulan informasi terkini tentang para pemain, sekaligus melihat kemampuan mereka selama bermain di klub. ""Untuk memilih pemain, saya butuh banyak informasi, di samping kami sebelumnya melihat penampilan mereka di liga, kompetisi, dan mencatat jumlah menit bermain mereka,"" kata dia.Berikutnya, kata Indra, tahapan selanjutnya adalah memilih pemain untuk pemusatan latihan. Lalu seleksi pemain berdasarkan hasil dua kali uji coba. PSSI memenuhi apa yang dia minta dengan mendatangkan timnas U-23 India sebagai lawan tanding.Semua persiapan pemilihan pemain, kata dia, dilakukan secara matang agar kelak tidak disalahkan soal tanggung jawab menunjuk pemain masuk skuad muda Merah Putih. ""Saya tidak mau dituduh masyarakat tidak bisa mempertanggungjawabkan pemain yang saya pilih,"" katanya. ""Makanya saya instruksikan staf mengambil data-data yang diperlukan supaya bisa menjawab pertanyaan masyarakat, media, atau PSSI sendiri.""  Scroll ke bawah untuk melanjutkan membaca   Baca berita dengan sedikit iklan,  klik di sini  Pilihan Editor: Indra Sjafri Sebut Seleksi Pemain Timnas U-23 Indonesia untuk SEA Games 2025 Lebih Baik Dibanding 2023",,timnas-u-23-indonesia,sea-games-2025,indra-sjafri,timnas-indonesia,nan,tempo,olahraga
Puslabfor Dalami Jenis Air Keras yang Disiram ke Polisi di Tangerang,18 Januari 2025," TANGERANG, KOMPAS.com - Pusat Laboratorium Forensik (Puslabfor) Mabes Polri kini tengah memeriksa kandungan cairan air keras yang digunakan pelaku tawuran terhadap polisi di Ciputat Timur, Tangerang Selatan. ""Kami lakukan pengecekan secara laboratorium ke Puslabfor untuk mengetahui jenis cairan yang digunakan oleh para pelaku,"" ucap Kapolres Tangerang Selatan, AKBP Victor Inkiriwang, dalam keterangannya pada Sabtu (18/1/2025). Polres Tangerang Selatan telah mengidentifikasi para terduga pelaku penyiraman. Setelah identitas mereka diperoleh, pihak kepolisian langsung membentuk tim khusus untuk mengejar para pelaku. Tim ini terdiri dari anggota Kepolisian Sektor (Polsek) Ciputat Timur dan Kepolisian Sektor (Polsek) Pamulang. ""Tim khusus dikepalai langsung oleh Kasatreskrim Polres Tangerang Selatan bersama Kanit Reskrim Polsek Ciputat Timur dan jajaran Polsek Pamulang,"" tambah Victor. Dalam peristiwa ini, anggota Polsek Ciputat Timur, Briptu Fadel Ramos, dan seorang warga bernama Dion Saputra (25) mengalami luka serius akibat disiram cairan yang diduga air keras. Fadel mengalami luka pada bagian mata, sedangkan tangannya juga terluka akibat sabetan senjata tajam. Keduanya telah mendapatkan perawatan intensif di Rumah Sakit Fatmawati, Jakarta Selatan, dan Rumah Sakit Polri, Kramat Jati, Jakarta Timur. ""Untuk keadaan kedua korban ini sudah cukup baik, kesehatannya sudah pulih,"" ungkap Victor. Penyiraman air keras ini terjadi pada Kamis (16/1/2025) sekitar pukul 04.00 WIB, di perbatasan Jalan Cirendeu Raya, Pisangan, Ciputat Timur, dan Jalan Cabe I, Pondok Cabe Ilir, Pamulang, Tangerang Selatan. Awalnya, polisi menerima informasi dari media sosial mengenai rencana tawuran antara dua kelompok di lokasi tersebut. ""Sekitar dua menit setelah tiba di TKP, anggota melihat segerombolan anak-anak menggunakan sepeda motor kurang lebih 30 unit,"" kata Kabid Humas Polda Metro Jaya Kombes Ade Ary Syam Indradi, dalam keterangannya pada Jumat (17/1/2025). Gerombolan tersebut terlihat menuju Ciputat Timur sambil membawa senjata tajam, seperti golok dan celurit. Fadel berusaha menghalau dan membubarkan kelompok tersebut. Saat itu, sepeda motor yang dikendarai Fadel dan Dion berada di posisi paling depan. ""Mereka disiram dengan air keras sebanyak dua botol dan korban juga sempat dikeroyok,"" jelas Ade Ary. Meskipun mengalami serangan tersebut, kedua korban berhasil melarikan diri, meskipun meninggalkan sepeda motor Honda Beat Street hitam yang mereka kendarai. ""Briptu Fadel mengalami luka pada kedua mata akibat siraman air keras dan luka memar pada lengan kanan. Korban Dion juga mengalami luka pada kedua mata akibat siraman air keras,"" tutup Ade Ary.",,Puslabfor Polri,korban air keras,pelaku penyiraman air keras,Polisi disiram air keras di pamulang,Tawuran Tangerang Selatan,kompas,Hukum & kriminal
"Usai Pager Hizbullah, Kini Walkie Talkie Meledak Lukai Warga Lebanon","Rabu, 18 Sep 2024 23:22 WIB","Gelombang baru ledakan perangkat keras menewaskan tiga orang dan melukai lebih dari 100 orang di Lebanon. Ledakan baru ini sehari setelah pager yang digunakan oleh anggota Hizbullah meledak, menewaskan 12 orang dan melukai 2.800 orang. Seperti dilansir AFP, Rabu (18/9/2024), kelompok yang didukung Iran itu menyalahkan Israel atas gelombang pertama ledakan pada hari Selasa (17/9), bersumpah untuk membalas dendam dan memicu ketakutan akan perang habis-habisan di wilayah tersebut. ""Tiga martir tewas setelah perangkat meledak di kota Sohmor,"" di lembah Bekaa timur, kata kantor berita nasional (NNA) milik pemerintah, dengan kementerian kesehatan melaporkan ""lebih dari 100 orang terluka"" dalam ""gelombang baru ledakan walkie-talkie"".  Sebuah sumber rumah sakit di kota Baalbek di bagian timur mengatakan kepada AFP bahwa 15 orang terluka setelah walkie-talkie meledak. Sebuah sumber yang dekat dengan kelompok yang didukung Iran itu mengatakan walkie-talkie yang digunakan oleh anggotanya meledak di markasnya di Beirut selama pemakaman anggota Hizbullah yang tewas dalam ledakan hari Selasa (17/9). ""Sejumlah walkie-talkie meledak di pinggiran selatan Beirut,"" kata sumber itu, sementara tim penyelamat yang berafiliasi dengan Hizbullah mengonfirmasi perangkat itu meledak di dalam dua mobil di area tersebut. Ledakan itu menimbulkan kepanikan, menurut seorang fotografer AFP yang meliput pemakaman tersebut. NNA melaporkan ""pager"" dan ""perangkat"" juga meledak di kubu Hizbullah di timur dan selatan, sementara koresponden AFP mendengar ledakan di Beirut, di timur, dan di kota Tyre di selatan.",,lebanon,hizbullah,pager meledak,pager meledak di lebanon,walkie talkie,detik,internasional
"Kondisi Membaik, Paus Fransiskus Tinggalkan RS Usai Sebulan Dirawat","Minggu, 23 Mar 2025 20:06 WIB","Paus Fransiskus meninggalkan rumah sakit Gemelli Roma setelah dirawat selama lima minggu karena pneumonia. Paus Fransiskus tampil ke publik dan melambaikan tangan kepada para simpatisan saat meninggalkan rumah sakit. Paus Fransiskus yang kini berusia 88 tahun masuk ke rumah sakit pada 14 Februari karena infeksi pernapasan parah. Kondisi ini menjadi krisis kesehatan paling serius selama 12 tahun masa kepausannya. Dilansir Reuteurs, Minggu (23/3/2025) mobil yang membawa Paus meninggalkan rumah sakit pada Minggu siang waktu setempat diiringi konvoi kendaraan polisi menuju Basilika Santa Maria Maggiore.  Pihak dokter mengatakan Paus Fransiskus masih butuh banyak waktu untuk sembuh sepenuhnya. Dokter juga sudah memberikan Paus waktu istirahat selama dua bulan di Vatikan. Menggunakan kursi roda, Paus Fransiskus tersenyum dan melambaikan tangan kepada simpatisan saat meninggalkan rumah sakit. Wajahnya tampak bengkak dan muncul beberapa saat, berbicara sebentar dengan suara lemah untuk berterima kasih kepada simpatisan yang hadir. Paus Fransiskus hanya pernah sekali terlihat oleh publik selama masa perawatannya. Dalam sebuah foto yang dirilis Vatikan minggu lalu, terlihat Paus sedang berdoa di kapel rumah sakit. Paus Fransiskus kini tak lagi menggunakan masker oksigen. Tapi dia terlihat menggunakan selang kecil di bawah hidungnya untuk mendapatkan oksigen saat bepergian dengan mobilnya. Pada saat Paus Fransiskus meninggalkan rumah sakit, kerumunan simpatisan memanggilnya dan meneriakkan ""Fransiskus, Fransiskus, Fransiskus"".",,paus fransiskus,pneumonia,vatikan,nan,nan,detik,internasional
Menkeu Purbaya: Perubahan Anggaran di RAPBN 2026 Mungkin Terjadi,10-Sep-25," JAKARTA, KOMPAS.com - Menteri Keuangan Purbaya Yudhi Sadewa yang baru saja menyampaikan laporan ke Presiden Prabowo Subianto menyatakan perubahan Rancangan APBN 2026 mungkin terjadi. Presiden Prabowo Subianto menerima laporan dari Menteri Keuangan (Menkeu) Purbaya Yudhi Sadewa beserta jajaran di Istana Merdeka, Jakarta Pusat, Rabu (10/9/2025). Pertemuan tersebut membahas perkembangan proses pembahasan Anggaran Pendapatan dan Belanja Negara (APBN) tahun 2026 yang tengah berlangsung bersama Dewan Perwakilan Rakyat (DPR). “Kita melaporkan hasil proses diskusi anggaran dengan DPR,” ujarnya di Kompleks Istana Kepresidenan, Rabu. Purbaya menekankan bahwa angka-angka dalam rancangan APBN masih bersifat sementara karena belum diputuskan bersama DPR. Ia menyebut perubahan anggaran sangat mungkin terjadi. Namun, dirinya belum dapat menjelaskan lebih detail karena masih dalam tahap pembahasan. “Soal perubahan anggaran yang mungkin terjadi, tapi saya belum bisa bicarakan karena masih didiskusikan dengan DPR,” jelasnya. Lebih lanjut, ia mengungkapkan bahwa laporan yang disampaikan kepada Presiden mencakup keseluruhan APBN. Meski demikian, ia menegaskan bahwa pihaknya tidak bisa mendahului hasil keputusan resmi DPR. “APBN keseluruhan. Masih didiskusikan,” tutur Purbaya.",,Purbaya Yudhi Sadewa,Dewan Perwakilan Rakyat,prabowo subianto,APBN 2026,RAPBN 2026,kompas,politik
"Rekap Hasil Final Thailand Masters 2025: Tuan Rumah Jadi Juara Umum Raih 2 Gelar, Indonesia 1 Gelar dari Lanny / Fadia",2 Februari 2025 | 19.51 WIB," TEMPO.CO, Jakarta - Tim bulu tangkis Indonesia membawa pulang satu gelar dari Thailand Masters 2025 melalui ganda putri Lanny Tria Mayasari / Siti Fadia Silva Ramadhanti. Pasangan ini berhasil menaklukkan wakil tuan rumah Laksika Kanlaha / Phataimas Muenwong dengan skor 15-21, 21-13, 21-8.  Baca berita dengan sedikit iklan,  klik di sini  Pertandingan final turnamen BWF Super 300 yang dimainkan di Nimibutr Stadium, Bangkok, Minggu, 2 Februari 2025, diawali dengan perebutan gelar di sektor ganda campuran. Fadia yang juga turun di sektor ini bersama Dejan Ferdinansyah, kalah melawan wakil tuan rumah Dechapol Puavaranukroh / Supissara Paewsampran dengan kalah, skor 21-19, 17-21, 13-21.  Scroll ke bawah untuk melanjutkan membaca   Baca berita dengan sedikit iklan,  klik di sini  Dua wakil Indonesia lainnya yang bertanding di partai puncak, yakni ganda putra Muhammad Shohibul Fikri / Daniel Marthin dan tunggal putri Komang Ayu Cahya Dewi, sama-sama kalah. Fikri / Daniel takluk melawan Jin Yong / Seo Seung-jae dari Korea Selatan dengan skor skor 18-21, 17-21. Sementara. Komang Ayu dikalahkan pemain tuan rumah Pornpawee Chochuwong dengan skor 21-18, 16-21, 13-21. Di tunggal putra, gelar juara diraih  Jia Heng Jason Teh dari Singapura. Ia memastikan keluar sebagai pemenang setelah mengalahkan Wang Zheng Xing dari Cina, dengan skor 18-21, 21-15, 19-21. Rekap Hasil Final Thailand Masters 2025, Minggu, 2 Februari 2025: Ganda campuran: Dejan Ferdinansyah / Siti Fadia Silva Ramadhanti (Indonesia) vs Dechapol Puavaranukroh / Supissara Paewsampran (Thailand), kalah, skor 21-19, 17-21, 13-21. Tunggal putra: Wang Zheng Xing (Cina) vs Jia Heng Jason Teh (Singapura), skor 18-21, 21-15, 19-21. Ganda putra: Muhammad Shohibul Fikri / Daniel Marthin (Indonesia) vs Jin Yong / Seo Seung-jae (Korea Selatan), skor 18-21, 17-21. Ganda putri: Lanny Tria Mayasari / Siti Fadia Silva Ramadhanti (Indonesia) vs Laksika Kanlaha / Phataimas Muenwong (Thailand), skor 15-21, 21-13, 21-8. Tunggal putri: Komang Ayu Cahya Dewi (Indonesia) vs Pornpawee Chochuwong (Thailand), skor 21-18, 16-21, 13-21. Pilihan Editor: Ini Kata Dejan / Fadia Usai Gagal Meraih Gelar Thailand Masters 2025",,thailand-masters-2025,thailand-masters,lanny-fadia,bulu-tangkis,indonesia,tempo,olahraga
"PT PP Garap Proyek PLTGU Batam Senilai Rp 3,35 Triliun",25 Agustus 2025 | 19.10 WIB,"Baca berita dengan sedikit iklan,  klik di sini  PT PP (Persero) Tbk. mengumumkan bahwa perseroan telah memenangi proyek Pembangkit Listrik Tenaga Gas dan Uap (PLTGU) Batam, Kepulauan Riau, milik PT PLN Batam senilai Rp 3,35 triliun. Hingga Agustus 2025, emiten berkode PTPP itu memperoleh kontrak senilai Rp 14,78 triliun.   Baca berita dengan sedikit iklan,  klik di sini  Corporate Secretary PTPP Joko Raharjo mengatakan proyek ini merupakan langkah strategis perseroannya dalam memperkuat sektor energi. “Dengan rekam jejak pembangunan PLTGU Tanjung Uncang Batam dan PLTGU KDL Cilegon, kami optimistis proyek PLTGU Batam ini dapat diselesaikan tepat waktu, sesuai standar kualitas tinggi, serta mendukung kebutuhan listrik yang efisien dan ramah lingkungan,” ujarnya dalam keterbukaan informasi di Bursa Efek Indonesia, Senin, 25 Agustus 2025.   Scroll ke bawah untuk melanjutkan membaca   Baca berita dengan sedikit iklan,  klik di sini  PLTGU Batam terletak di Kabil Industrial Estate, Batam dengan kapasitas 120 MW. Pembangkit akan menggunakan konfigurasi 2 Gas Turbine + 2 HRSG + 1 Steam Turbine berbasis teknologi combined cycle berstandar internasional yang lebih efisien, andal, dan ramah lingkungan. Adapun, proyek ini dilaksanakan melalui skema Joint Operation (JO) yang memposisikan PTPP sebagai leader dengan porsi 80 persen.  Joko berharap PLTGU Batam bisa mendukung pertumbuhan industri dan daya saing ekonomi di wilayah tersebut. “Kehadiran PLTGU Batam akan menjadi katalis bagi pertumbuhan industri, memperkuat daya saing ekonomi Batam dan Kepulauan Riau. Sebagai perusahaan konstruksi nasional, PTPP berkomitmen mendukung program Asta Cita Pemerintah, khususnya dalam mewujudkan ketahanan dan kemandirian energi nasional,” ujarnya.  Pilihan Editor:  Data Pertumbuhan Ekonomi BPS: Antara Fakta dan Ilusi",,pltgu,pt-pp,batam,listrik,energi,tempo,bisnis
Macron Ngomong Bahasa Indonesia di Gala Dinner: Bersama Kita Akan Berhasil,"Rabu, 28 Mei  2025 23:57 WIB","Presiden Prancis Emmanuel Macron dan Ibu Negara Brigitte Macron menghadiri acara gala dinner yang digelar Presiden Prabowo Subianto di Istana Kepresidenan Jakarta. Saat menyampaikan sambutan, Macron berbicara satu kalimat menggunakan bahasa Indonesia. Acara makan malam kenegaraan itu digelar di Istana Negara, Jakarta, Rabu (25/5/2025). Macron dan Brigitte duduk semeja dengan Prabowo, serta putra Prabowo, Didit Hediprasetyo. Macron mulanya berbicara menggunakan bahasa Indonesia saat menyampaikan pepatah 'sedikit demi sedikit menjadi bukit'. Pepatah yang disampaikan Macron dalam bahasa Indonesia itu sontak memantik riuh para hadirin, termasuk Prabowo.  ""Sedikit demi sedikit, lama-lama menjadi bukit, seperti kata pepatah Indonesia,"" kata Macron. Mendengar itu, Prabowo langsung tersenyum lebar. Prabowo memandang ke arah Macron di sebelahnya seraya tertawa kecil. ""Seiring berjalannya waktu, akan menjadi bukit. Dan sedikit demi sedikit dari tahun ke tahun persahabatan kita telah bertumbuh semakin tinggi,"" ujar Macron melanjutkan penyampaiannya. Tak hanya itu, Macron kembali berbicara dalam bahasa Indonesia saat menutup sambutannya. Macron menyerukan semua pihak harus bekerja sama agar berhasil. ""Vive la Indonesia, Vive la France. Bersama-sama kita akan berhasil,"" kata Macron dalam bahasa Indonesia. Kalimat penutup itu sontak memantik tepuk tangan hadirin. Prabowo pun tertawa mendengar penyampaiannya Macron. Prabowo kemudian bersulang dengan Macron. ",,prabowo subianto,emmanuel macron,prancis,prabowo,presiden prancis,detik,internasional
Internet Dorong Inovasi Guru SMPN 1 Wawonii Timur Bangun Aplikasi Digital,"Kamis, 12 Des 2024 21:53 WIB","Kehadiran akses internet turut mendorong lahirnya berbagai inovasi teknologi bahkan di wilayah terpencil, seperti yang terlihat di SMPN 1 Wawonii Timur, Kabupaten Konawe Kepulauan. Di sekolah ini menyimpan kisah inspiratif tentang bagaimana internet dan teknologi dapat mengubah cara belajar dan mengajar di daerah yang semula minim infrastruktur. Di balik semua perubahan ini, ada sosok Ansarullah Thamrin Mardhan, Kepala Sekolah yang bertekad membawa sekolahnya ke era digital. Ansarullah sudah tak asing dengan tantangan pendidikan di wilayah terpencil. Pada tahun 2015 saat memulai kariernya di sebagai guru di Konawe Kepulaian, ia telah merasakan terisolasi dari dunia digital. ""Pada saat pertama saya bertugas itu, tahun 2015. Itu memang di sekolah awal tempat saya bertugas. Itu jaringan internet itu sama sekali tidak ada. Bahkan juga jaringan telepon itu tidak ada. Jadi kalau kebiasaan peserta didik kita tentu terkait pemanfaatan peralatan IT itu masih sangat kurang,"" kenang Ansarullah kepada detikcom belum lama ini.  Pada masa itu, pembelajaran sangat bergantung pada media tradisional seperti papan tulis dan buku teks. Akses internet yang dibutuhkan untuk mendukung kurikulum 2013, yang menuntut integrasi teknologi pun sangat sulit dicapai. Siswa hanya diberikan tugas mencari informasi di perpustakaan, yang koleksinya terbatas, dan membuat kliping yang sudah dianggap canggih pada waktu itu. ""Kalau dulu untuk pemanggilan saja, misalnya ada kegiatan di Dinas Pendidikan, itu kita harus menunggu undangan dulu, undangan secara tertulis. Kadang-kadang suratnya tidak sampai. Biasanya kegiatannya sudah selesai, itu suratnya baru ada,"" cerita Ansarullah mengingat kondisi yang jauh dari ideal. Namun, segalanya berubah ketika internet mulai masuk ke Wawonii Timur. Internet juga telah mengubah cara guru dalam mengajar. ""Kalau dari kegiatan pembelajaran, guru itu sudah mulai memanfaatkan internet sebagai sumber dan media pembelajaran, tidak hanya terbatas pada buku-buku. Peserta didik juga kadang diberi tugas itu yang terkait dengan internet. Sekarang sudah banyak sumber atau media pembelajaran online. Aktivitas siswa pun itu sudah berubah total,"" jelas Ansarullah. Inovasi Aplikasi Digital Jika internet adalah kunci yang membuka pintu perubahan, aplikasi digital adalah alat yang membawa pendidikan di SMPN 1 Wawonii Timur ke level yang lebih tinggi. Di bawah kepemimpinan Ansarullah, sekolah ini mengembangkan beberapa aplikasi berbasis TIK yang menjadi solusi untuk mengatasi keterbatasan dan mendorong efisiensi dalam berbagai aspek pendidikan. Salah satu aplikasi terobosan yang lahir dari ide cemerlang Ansarullah adalah CBT Offline (Computer-Based Test Offline). Aplikasi ini telah membawa Ansarullah meraih Juara 1 tingkat provinsi dalam lomba karya tulis ilmiah inovasi guru pada tahun 2023. Aplikasi ini memungkinkan pelaksanaan ujian berbasis komputer tanpa perlu akses internet langsung. Namun, bagi guru yang menginput soal bisa dilakukan dari mana saja melalui jaringan internet. ""Karena kan guru ini tidak semua berada di Kabupaten Konawe Kepulauan, kadang-kadang ada yang tugas di luar, yang dari Kendari kan tugas di sini, jadi untuk inputan soal itu aplikasinya disimpan di website sekolah. Kemudian mereka akses soalnya itu diinput. Jadi di input secara online, nanti setelah pelaksanaan baru aplikasi itu dibawa ke versi offline. Jadi dengan adanya akses internet ini, memungkinkan pelaksanaan ujian berbasis TIK dengan aplikasi CBT Offline tadi,"" jelas Ansarullah. Selain itu, aplikasi Sistem Digital Perpustakaan yang dibangun juga menjadi gebrakan baru. Sistem ini tidak hanya mempermudah pendataan buku dan kunjungan siswa, tetapi juga memungkinkan siswa meminjam buku dengan menggunakan barcode. ""Jadi dia pakai barcode scanner jadi siswa itu ada kartunya jadi ketika dia berkunjung dia scan kartunya kemudian tujuannya itu apa nanti akan terekam semua aktivitas kunjungannya di perpustakaan,"" ujar Ansarullah. Sistem ini bahkan meraih tiga penghargaan sekaligus pada tahun 2023, termasuk sebagai Perpustakaan Terbaik Tingkat Kabupaten dan Pengelolaan Perpustakaan Terbaik di tingkat SMP se-Kabupaten Konawe Kepulauan. ""Kalau saya sendiri diberikan penghargaan Pegiat Literasi Bidang Pengembangan Aplikasi Perpustakaan,"" katanya dengan bangga. Selain itu, lanjut Ansarullah, aplikasi Sistem Absensi Barcode (SABAR) telah membantu membentuk kebiasaan disiplin pada siswa. Dengan menggunakan kartu pelajar yang memiliki barcode, siswa dapat melakukan absensi setiap pagi. Setiap kali mereka terlambat, status absensinya langsung tercatat, dan ini memberi dampak langsung pada kebiasaan mereka. ""Pertama kan orang bilang, itu kan hanya untuk merekam. Ternyata efeknya bagus. Ada beberapa orang tua siswa datang, saya punya anak ini kenapa pagi-pagi buru-buru sekali mandi? biasanya tidak begitu. (Ternyata) ada absennya, itu membentuk kebiasaan. Alhamdulillah itu alatnya sudah ada di sekolah ini,"" jelas Ansarullah. Menuju Sistem Terpadu: Menghubungkan Semua Aplikasi Ke depan, Ansarullah merencanakan untuk mengintegrasikan seluruh aplikasi yang telah dibuat ke dalam satu Integrated Management System (IMS). Sistem ini akan menggabungkan absensi, peminjaman buku, nilai akademik, dan informasi penting lainnya dalam satu platform yang bisa diakses oleh orang tua. Dengan demikian, orang tua akan memiliki kendali lebih dalam memantau perkembangan pendidikan anak-anak mereka. ""Itu yang ke depan akan saya buat. Kalau buatnya offline, karena ini harus diakses oleh orang tua maka dia harus online karena disini kan sudah ada kan jaringan,"" tambahnya dengan optimisme. Sebagai informasi, hingga saat ini terdapat total 35 stasiun pemancar atau tower BTS yang telah dibangun di Konawe Kepulauan sejak tahun 2018 hingga 2022. Sebanyak 119 layanan BAKTI AKSI (Akses Internet) juga telah dihadirkan BAKTI Komdigi untuk mendukung pemerataan akses informasi dan teknologi bagi masyarakat Wawonii. detikcom bersama BAKTI Kementerian Komunikasi dan Digital (Komdigi) mengadakan program Tapal Batas untuk mengulas perkembangan ekonomi, wisata, infrastruktur, dan pemerataan akses internet di wilayah 3T (tertinggal, terdepan, dan terluar). Ikuti terus berita informatif, inspiratif, unik dan menarik dari program Tapal Batas di tapalbatas.detik.com!  Lihat juga video: Bye bye Jalan Rusak! Registrasi Puskesmas Wawonii Kini Sudah Serba Online   [Gambas:Video 20detik] ",,tapalbatas,tapalbataskonawe,aplikasi digital,nan,nan,detik,teknologi
"Rumah Makan di Kemayoran Terbakar, Diduga akibat Gas Bocor",3 Oktober 2025," JAKARTA, KOMPAS.com – Rumah makan di Jalan Utan Panjang 3, Kelurahan Utan Panjang, Kecamatan Kemayoran, Jakarta Pusat, terbakar pada Jumat (3/10/2025) siang. Kebakaran diduga dipicu kebocoran regulator tabung gas elpiji 3 kilogram. Kepala Suku Dinas Penanggulangan Kebakaran dan Penyelamatan (Kasudin Gulkarmat) Jakarta Pusat, Asril Rizal, mengatakan kebakaran dilaporkan sekitar pukul 11.10 WIB oleh warga yang datang ke pos pemadam kebakaran (damkar) terdekat. “Objek yang terbakar adalah sebuah rumah makan atau warung nasi khas Sunda, dengan luas area terbakar kurang lebih 20 meter persegi,” kata Asril dalam keterangan yang diterima Kompas.com, Jumat. Sebanyak 9 unit mobil damkar dengan 45 personel dikerahkan ke lokasi. Petugas tiba pukul 11.11 WIB dan langsung melakukan operasi pemadaman. Api berhasil dilokalisir pada pukul 11.18 WIB dan pendinginan selesai pukul 11.35 WIB. Peristiwa bermula ketika pemilik warung, Enjum, sedang mengganti tabung gas yang habis. Saat regulator dipasang, tiba-tiba gas menyembur dan memicu kobaran api. “Api langsung menyambar bangunan warung hingga membakar sebagian besar isi ruangan,” ujar Asril. Tidak ada korban jiwa dalam peristiwa ini. Tercatat satu keluarga dengan tiga jiwa terdampak, namun semuanya selamat. Adapun kerugian material diperkirakan mencapai Rp 25 juta. Petugas sempat mengalami hambatan karena akses jalan yang sempit, namun api berhasil dipadamkan sebelum merembet ke bangunan lain.",,kebakaran,kebakaran hari ini,kebakaran rumah makan,jakarta pusat,Damkar Jakarta,kompas,lingkungan
